anyo;liga;equipoId;equipoNombre;estadio;publicoEstadio;equipoDivision;clasificacionFinal;G;Ghome;W;L;DivWin;WCWin;LgWin;WSWin;R;AB;H;B2;B3;HR;BB;SO;SB;CS;HBP;SF;RA;ER;ERA;CG;SHO;SV;IPouts;HA;HRA;BBA;SOA;E;DP;FP;BPF;PPF
1884;UA;ALT;Altoona Mountain City;;;;10;25;;6;19;;;N;;90;899;223;30;6;2;22;130;;;;;216;114;467;20;0;0;659;292;3;52;93;156;4;862;101;109
2004;AL;ANA;Anaheim Angels;;3375677;W;1;162;81;92;70;Y;N;N;N;836;5675;1603;272;37;162;450;942;143;46;73;41;734;692;428;2;11;50;4363;1476;170;502;1164;90;126;985;97;97
2021;NL;ARI;Arizona Diamondbacks;Chase Field;1043010;W;5;162;81;52;110;N;N;N;N;679;5489;1297;308;31;144;537;1465;43;16;54;28;893;804;511;3;4;22;4252;1480;232;555;1238;100;113;983;99;101
2021;NL;ATL;Atlanta Braves;SunTrust Park;2300247;E;1;161;80;88;73;Y;N;Y;Y;790;5363;1307;269;20;239;549;1453;59;19;67;43;656;608;388;2;18;40;4232;1237;183;516;1417;71;104;988;107;105
2021;AL;BAL;Baltimore Orioles;Oriole Park at Camden Yards;793229;E;5;162;81;52;110;N;N;N;N;659;5420;1296;266;15;195;451;1454;54;23;65;31;956;910;584;1;5;26;4206;1518;258;563;1234;74;101;987;103;105
1885;NL;BFN;Buffalo Bisons;Olympic Park I;;;7;112;;38;74;;;N;N;495;3900;980;149;50;23;179;380;;;;;761;456;429;107;4;1;2868;1175;31;234;320;464;65;901;103;105
1890;PL;BFP;Buffalo Bisons;;;;8;134;;36;96;;;N;;793;4795;1249;180;64;20;541;367;160;;96;;1199;775;611;125;2;0;3423;1499;67;673;351;491;116;914;92;97
1874;NA;BL1;Baltimore Canaries;Newington Park;;;8;47;;9;38;;;N;;227;1776;435;45;7;1;22;37;12;5;;;505;146;313;42;0;0;1260;640;3;39;20;436;15;812;102;104
1889;AA;BL2;Baltimore Orioles;Oriole Park I;;;5;139;;70;65;;;N;N;791;4756;1209;155;68;20;418;536;311;;82;;795;471;356;128;10;1;3576;1168;27;424;540;536;104;907;98;99
1891;AA;BL3;Baltimore Orioles;Union Park;;;4;139;;71;64;;;N;;850;4771;1217;142;99;30;551;553;342;;111;;798;464;343;118;6;2;3651;1238;33;472;408;503;103;915;101;100
1873;NA;BL4;Baltimore Marylands;Newington Park;;;9;6;;0;6;;;N;;26;211;33;1;0;0;;3;;;;;152;48;800;6;0;0;162;144;1;1;0;74;0;761;77;99
1901;AL;BLA;Baltimore Orioles;Oriole Park I;141952;;5;134;66;68;65;;;N;;760;4589;1348;179;111;24;369;373;207;;52;;750;480;373;115;4;3;3474;1313;21;344;271;401;76;926;104;105
1915;FL;BLF;Baltimore Terrapins;;;;8;154;;47;107;;;N;;550;5060;1235;196;53;36;470;641;128;;;;760;598;396;85;5;7;4080;1455;52;466;570;273;140;957;103;105
1899;NL;BLN;Baltimore Orioles;Union Park;121935;;4;151;;86;62;;;N;;827;5073;1509;204;71;17;418;381;364;;122;;691;480;331;132;9;5;3913;1403;13;349;294;308;96;949;105;103
1884;UA;BLU;Baltimore Monumentals;;;;4;105;;58;47;;;N;;662;3883;952;150;26;17;144;652;;;;;627;317;301;92;4;0;2840;1002;24;177;628;616;53;872;109;109
2021;AL;BOS;Boston Red Sox;;1725323;E;2;162;81;92;70;N;Y;N;N;829;5495;1434;330;23;219;512;1386;40;21;61;42;749;671;426;0;7;49;4257;1409;176;546;1527;108;143;981;109;109
1872;NA;BR1;Brooklyn Eckfords;Union Grounds;;;9;29;;3;26;;;N;;152;1072;248;29;9;0;18;40;8;13;;;413;160;555;28;0;0;778;484;7;36;13;274;9;803;87;96
1875;NA;BR2;Brooklyn Atlantics;Union Grounds;;;11;44;;2;42;;;N;;132;1562;304;33;6;2;8;36;1;5;;;438;139;316;31;0;0;1188;535;6;17;16;432;20;801;88;94
1889;AA;BR3;Brooklyn Bridegrooms;Washington Park I;;;1;138;;93;44;;;Y;N;995;4815;1265;188;79;47;550;401;389;;49;;706;487;361;120;10;1;3638;1205;33;400;471;421;92;928;95;91
1890;AA;BR4;Brooklyn Gladiators;;;;9;100;;26;72;;;N;N;492;3475;769;116;47;13;328;456;182;;31;;733;460;471;96;0;0;2637;1011;21;421;230;404;92;909;97;101
1915;FL;BRF;Brooklyn Tip-Tops;;;;7;153;;70;82;;;N;;647;5035;1348;205;75;36;473;654;249;;;;673;507;337;78;10;16;4065;1299;27;536;467;285;103;955;99;100
1957;NL;BRO;Brooklyn Dodgers;Ebbets Field;1028258;;3;154;77;84;70;;;N;N;690;5242;1325;188;38;147;550;848;60;34;;;591;521;335;44;18;29;4197;1285;144;456;891;127;136;979;109;107
1890;PL;BRP;Brooklyn Ward's Wonders;;;;2;133;;76;56;;;N;;964;4887;1352;186;93;34;502;369;272;;42;;893;519;395;111;4;7;3552;1334;26;570;377;531;114;909;106;105
1875;NA;BS1;Boston Red Stockings;South End Grounds I;;;1;82;;71;8;;;Y;;831;3515;1128;167;51;15;33;52;93;37;;;343;152;187;60;10;17;2196;751;2;33;110;483;56;870;103;96
1891;AA;BS2;Boston Reds;Congress Street Grounds;;;1;139;;93;42;;;Y;;1028;4889;1341;163;100;52;651;499;447;;66;;675;410;303;108;9;7;3659;1158;42;497;524;392;115;934;103;99
1952;NL;BSN;Boston Braves;Braves Field;281278;;7;155;77;64;89;;;N;N;569;5221;1214;187;31;110;483;711;58;34;;;651;586;378;63;11;13;4188;1388;106;525;687;153;143;975;97;98
1890;PL;BSP;Boston Reds;;;;1;133;;81;48;;;Y;;1031;4754;1352;236;79;58;661;449;426;;43;;781;483;373;108;6;4;3493;1311;49;480;351;466;110;919;103;99
1884;UA;BSU;Boston Reds;;;;5;109;;58;51;;;N;;636;3940;928;168;32;19;128;787;;;;;558;286;270;100;5;1;2860;885;17;110;753;633;39;868;99;98
1915;FL;BUF;Buffalo Blues;;;;6;153;;74;78;;;N;;574;5065;1261;193;68;40;420;587;184;;;;634;511;338;79;14;11;4080;1271;35;553;594;232;112;964;102;103
1996;AL;CAL;California Angels;;1820521;W;4;161;81;70;91;N;N;N;N;762;5686;1571;256;24;192;527;974;53;39;29;33;943;847;530;12;8;38;4317;1546;219;662;1052;128;156;979;98;98
1871;NA;CH1;Chicago White Stockings;Lake Front Park I;;;2;28;;19;9;;;N;;302;1196;323;52;21;10;60;22;69;21;;;241;77;276;25;0;1;753;308;6;28;22;229;16;829;104;102
1875;NA;CH2;Chicago White Stockings;23rd Street Grounds;;;6;69;;30;37;;;N;;379;2685;699;83;16;0;21;65;69;50;;;416;113;163;65;7;0;1875;649;0;26;55;478;30;853;101;102
2021;AL;CHA;Chicago White Sox;Guaranteed Rate Field;1596385;C;1;162;81;93;69;Y;N;N;N;796;5357;1373;275;22;190;586;1389;57;20;78;39;636;581;373;4;13;43;4210;1205;182;485;1588;97;112;982;101;100
1914;FL;CHF;Chicago Chi-Feds;Wrigley Field;;;2;157;;87;67;;;N;;621;5098;1314;227;50;52;520;645;171;;;;517;385;244;93;17;8;4260;1204;43;393;650;249;113;962;94;92
2021;NL;CHN;Chicago Cubs;Wrigley Field;1978934;C;4;162;81;71;91;N;N;N;N;705;5306;1255;225;26;210;502;1596;86;37;92;30;839;765;487;1;8;40;4238;1386;235;596;1358;87;149;985;100;101
1890;PL;CHP;Chicago Pirates;;;;4;138;;75;62;;;N;;886;4968;1311;200;95;31;492;410;276;;43;;770;459;339;124;5;2;3658;1238;27;503;460;492;107;918;104;103
1884;UA;CHU;Chicago/Pittsburgh (Union League);;;;6;92;;41;50;;;N;;438;3212;742;127;26;10;119;505;;;;;482;243;272;86;6;0;2411;743;12;137;679;459;38;882;98;99
2021;NL;CIN;Cincinnati Reds;Great American Ball Park;1505024;C;3;162;81;83;79;N;N;N;N;786;5423;1352;295;13;222;553;1425;36;24;105;45;760;702;440;1;8;41;4303;1330;206;617;1524;91;124;984;113;113
1872;NA;CL1;Cleveland Forest Citys;National Association Grounds;;;7;22;;6;16;;;N;;174;943;272;28;5;0;17;13;12;3;;;254;126;570;15;0;0;597;285;6;24;11;184;17;816;96;100
1884;NL;CL2;Cleveland Blues;League Park I;;;7;113;;35;77;;;N;N;458;3934;934;147;49;16;170;576;;;;;716;379;343;107;7;0;2984;1046;35;269;482;512;75;897;103;106
1888;AA;CL3;Cleveland Blues;League Park III;;;6;135;;50;82;;;N;N;651;4603;1076;128;59;12;315;559;353;;79;;839;484;372;131;6;1;3513;1235;38;389;500;488;87;915;97;101
1899;NL;CL4;Cleveland Spiders;League Park I;6088;;12;154;;20;134;;;N;;529;5279;1333;142;50;12;289;280;127;;65;;1252;894;637;138;0;0;3792;1844;43;527;215;388;121;937;89;96
1884;AA;CL5;Columbus Buckeyes;Recreation Park I;;;2;110;;69;39;;;N;N;585;3759;901;107;96;40;196;629;;;59;;459;287;268;102;8;1;2887;815;22;172;526;433;74;908;92;93
1891;AA;CL6;Columbus Solons;Recreation Park II;;;6;138;;61;76;;;N;;702;4697;1113;154;61;20;529;530;280;;37;;777;505;375;118;6;0;3640;1141;29;588;502;379;126;935;95;93
2021;AL;CLE;Cleveland Indians;Progressive Field;1114368;C;2;162;81;80;82;N;N;N;N;717;5332;1269;248;22;203;453;1387;109;17;64;36;727;679;434;0;9;39;4224;1281;216;522;1391;86;138;985;101;101
1890;PL;CLP;Cleveland Infants;;;;7;131;;55;75;;;N;;849;4804;1370;213;94;27;509;345;180;;49;;1027;537;423;115;1;0;3431;1386;45;571;325;533;103;907;92;94
1880;NL;CN1;Cincinnati Reds;Bank Street Grounds;;;8;83;;21;59;;;N;;296;2895;649;91;36;7;75;267;;;;;472;193;244;79;3;0;2140;785;10;88;208;437;49;877;98;104
1889;AA;CN2;Cincinnati Red Stockings;League Park I in Cincinnati;;;4;141;;76;63;;;N;N;897;4844;1307;197;96;52;452;511;462;;60;;769;484;350;114;3;8;3729;1270;35;475;562;440;121;926;105;103
1891;AA;CN3;Cincinnati Kelly's Killers;East End Park;;;7;102;;43;57;;;N;;549;3574;838;105;58;28;428;385;164;;36;;643;344;343;86;2;1;2706;921;20;446;331;389;68;913;108;110
1884;UA;CNU;Cincinnati Outlaw Reds;;;;3;103;;69;36;;;N;;703;3786;1027;118;63;26;147;482;;;;;466;242;238;95;11;1;2743;831;17;90;503;532;45;882;111;107
2021;NL;COL;Colorado Rockies;Coors Field;1938645;W;4;161;81;74;87;N;N;N;N;739;5374;1338;275;34;182;491;1356;76;23;58;36;796;748;482;3;6;33;4191;1397;196;539;1269;73;140;987;112;113
2021;AL;DET;Detroit Tigers;Comerica Park;1102621;C;3;162;81;77;85;N;N;N;N;697;5376;1299;236;37;179;490;1514;88;25;44;50;756;681;432;2;7;42;4259;1370;199;571;1259;83;136;986;96;98
1888;NL;DTN;Detroit Wolverines;Recreation Park;;;5;134;;68;63;;;N;N;721;4849;1275;177;72;51;307;396;193;;46;;629;365;274;130;10;1;3597;1115;44;183;522;463;83;919;100;97
1873;NA;ELI;Elizabeth Resolutes;Waverly Fairgrounds;;;8;23;;2;21;;;N;;98;869;204;25;8;0;9;30;4;4;;;299;75;326;22;0;0;621;343;6;10;10;244;14;789;92;103
2011;NL;FLO;Florida Marlins;Sun Life Stadium;1477462;E;5;162;78;72;90;N;N;N;N;625;5508;1358;274;30;149;542;1244;95;41;51;42;702;640;395;7;11;40;4379;1403;149;500;1218;93;126;985;99;100
1871;NA;FW1;Fort Wayne Kekiongas;Grand Duchess;;;7;19;;7;12;;;N;;137;746;178;19;8;2;33;9;16;4;;;243;97;517;19;1;0;507;261;5;21;17;163;8;803;101;107
1877;NL;HAR;Hartford Dark Blues;Union Grounds;;;3;60;;31;27;;;N;;341;2358;637;63;31;4;30;97;;;;;311;140;232;59;4;0;1632;572;2;56;99;313;32;885;90;87
2021;AL;HOU;Houston Astros;Minute Maid Park;2068509;W;1;162;81;95;67;Y;N;Y;N;863;5593;1496;299;14;221;569;1222;53;16;64;54;658;607;378;2;8;34;4335;1231;187;549;1456;69;126;988;101;99
1875;NA;HR1;Hartford Dark Blues;Hartford Ball Club Grounds;;;3;86;;54;28;;;N;;557;3356;871;92;35;2;34;64;65;33;;;343;134;157;83;13;0;2310;708;4;11;152;438;47;881;107;105
1878;NL;IN1;Indianapolis Blues;South Street Park;;;5;63;;24;36;;;N;;293;2300;542;76;15;3;64;197;;;;;328;149;232;59;2;1;1734;621;3;87;182;290;37;898;87;89
1884;AA;IN2;Indianapolis Hoosiers;Seventh Street Park I;;;12;110;;29;78;;;N;N;462;3813;890;129;62;20;125;561;;;22;;755;438;420;107;2;0;2813;1000;30;199;479;515;45;889;97;100
1889;NL;IN3;Indianapolis Hoosiers;;;;7;135;;59;75;;;N;N;819;4879;1356;228;35;62;377;447;252;;44;;894;633;485;109;3;2;3523;1365;73;420;408;420;102;926;102;104
1914;FL;IND;Indianapolis Hoosiers;;;;1;157;;88;65;;;Y;;762;5176;1474;230;90;33;470;641;273;;;;622;475;306;104;15;9;4191;1352;29;476;664;275;113;957;111;108
1967;AL;KC1;Kansas City Athletics;;726639;;10;161;81;62;99;;;N;N;533;5349;1244;212;50;69;452;1019;132;59;;;660;584;368;26;10;34;4284;1265;125;558;990;132;120;978;97;99
1889;AA;KC2;Kansas City Cowboys;Exposition Park;;;7;139;;55;82;;;N;N;852;4947;1256;162;76;18;430;626;472;;66;;1031;583;436;128;0;2;3613;1373;51;457;447;611;109;899;105;108
2021;AL;KCA;Kansas City Royals;Kauffman Stadium;1159613;C;4;162;81;74;88;N;N;N;N;686;5427;1349;251;29;163;421;1258;124;33;55;52;788;731;464;1;7;37;4252;1375;189;591;1344;84;152;985;105;106
1914;FL;KCF;Kansas City Packers;;;;6;154;;67;84;;;N;;644;5127;1369;226;77;39;399;621;171;;;;683;516;341;82;10;12;4083;1387;37;445;600;279;135;957;97;97
1886;NL;KCN;Kansas City Cowboys;Association Park;;;7;123;;30;91;;;N;N;494;4236;967;177;48;19;269;608;96;;;;872;575;485;117;4;0;3200;1345;27;246;442;482;79;910;106;114
1884;UA;KCU;Kansas City Cowboys;;;;11;82;;16;63;;;N;;311;2802;557;104;15;6;123;529;;;;;618;316;405;70;0;0;2108;862;14;127;334;520;51;861;87;92
1875;NA;KEO;Keokuk Westerns;Perry Park;;;13;13;;1;12;;;N;;45;449;81;9;6;0;1;22;4;6;;;88;23;183;13;0;0;339;111;0;12;20;78;5;860;105;109
2021;AL;LAA;Los Angeles Angels of Anaheim;Angel Stadium of Anaheim;1515689;W;4;162;82;77;85;N;N;N;N;723;5437;1331;265;23;190;464;1394;79;26;59;25;804;741;469;1;4;39;4265;1373;188;592;1453;88;131;985;102;103
2021;NL;LAN;Los Angeles Dodgers;Dodger Stadium;2804693;W;2;162;81;106;56;N;Y;N;N;830;5445;1330;247;24;237;613;1408;65;17;104;45;561;486;301;1;17;56;4356;1107;161;486;1599;89;94;985;100;97
1877;NL;LS1;Louisville Grays;Louisville Baseball Park;;;2;61;;35;25;;;N;;339;2355;659;75;36;9;58;140;;;;;288;140;225;61;4;0;1677;617;4;41;141;267;37;904;117;117
1891;AA;LS2;Louisville Colonels;Eclipse Park I;;;8;138;;54;83;;;N;;698;4764;1229;127;68;17;438;465;227;;68;;873;567;422;126;9;1;3630;1334;32;451;481;454;112;922;97;97
1899;NL;LS3;Louisville Colonels;Eclipse Park II;109319;;9;156;;75;77;;;N;;833;5336;1491;195;70;40;437;372;234;;78;;782;519;343;135;5;2;4081;1517;35;325;288;399;103;939;100;100
2021;NL;MIA;Miami Marlins;Marlins Park;642617;E;4;162;81;67;95;N;N;N;N;623;5348;1244;226;23;158;450;1553;106;29;65;30;701;622;396;1;8;33;4245;1282;162;529;1381;122;146;979;98;99
1872;NA;MID;Middletown Mansfields;Mansfield Club Grounds;;;8;24;;5;19;;;N;;220;1013;275;36;9;2;10;13;6;7;;;348;130;555;20;0;0;633;366;6;15;10;231;11;804;98;103
2021;NL;MIL;Milwaukee Brewers;Miller Park;1824282;C;1;162;81;95;67;Y;N;N;N;738;5362;1251;255;18;194;586;1465;82;21;88;35;623;558;350;2;19;44;4308;1156;168;537;1618;94;102;984;101;101
2021;AL;MIN;Minnesota Twins;Target Field;1310199;C;5;162;81;73;89;N;N;N;N;729;5431;1311;271;17;228;525;1405;54;15;70;42;834;762;483;1;9;42;4258;1392;239;484;1317;107;138;982;98;98
1965;NL;ML1;Milwaukee Braves;County Stadium;555584;;5;162;81;86;76;;;N;N;708;5542;1419;243;28;196;408;976;64;37;;;633;566;352;43;4;38;4341;1336;123;541;966;140;145;978;101;99
1878;NL;ML2;Milwaukee Grays;Eclipse Park II;;;6;61;;15;45;;;N;;256;2212;552;65;20;2;69;214;;;;;386;158;260;54;1;0;1641;589;3;55;147;376;32;866;106;113
1891;AA;ML3;Milwaukee Brewers;;;;3;36;;21;15;;;N;;227;1271;332;58;15;13;107;114;47;;29;;156;86;250;35;3;0;929;291;6;120;137;116;20;922;120;118
1997;AL;ML4;Milwaukee Brewers;County Stadium;1444027;C;3;161;80;78;83;N;N;N;N;681;5444;1415;294;27;135;494;967;103;55;58;52;742;669;422;6;8;44;4282;1419;177;542;1016;121;171;980;101;102
1901;AL;MLA;Milwaukee Brewers;Lloyd Street Grounds;139034;;8;139;70;48;89;;;N;;641;4795;1250;192;66;26;325;387;176;;46;;828;549;406;107;3;3;3654;1383;32;395;376;393;106;934;95;98
1884;UA;MLU;Milwaukee Brewers;;;;2;12;;8;4;;;N;;53;395;88;25;0;0;20;70;;;;;34;26;225;12;3;0;312;49;1;13;139;53;4;892;60;60
2004;NL;MON;Montreal Expos;;749550;E;5;162;80;67;95;N;N;N;N;635;5474;1361;276;27;151;496;925;109;38;35;33;769;696;433;11;11;31;4341;1477;191;582;1032;99;172;984;105;105
1915;FL;NEW;Newark Pepper;;;;5;155;;80;72;;;N;;585;5097;1283;210;80;17;438;550;184;;;;562;406;26;100;16;7;4218;1308;15;453;581;239;124;963;94;94
1875;NA;NH1;New Haven Elm Citys;Hamilton Park;;;8;47;;7;40;;;N;;170;1714;373;41;13;2;14;62;35;16;;;397;125;265;40;0;0;1275;501;5;21;54;447;24;814;87;93
1957;NL;NY1;New York Giants;Polo Grounds IV;653923;;6;154;77;69;85;;;N;N;643;5346;1349;171;54;157;447;669;64;38;;;701;623;401;35;9;20;4194;1436;150;471;701;161;180;974;100;102
1875;NA;NY2;New York Mutuals;Union Grounds;;;6;71;;30;38;;;N;;328;2685;633;82;21;7;19;47;20;24;;;425;174;246;70;3;0;1910;718;4;21;77;526;30;838;99;100
1876;NL;NY3;New York Mutuals;Union Grounds;;;6;57;;21;35;;;N;;260;2180;494;39;15;2;18;35;;;;;412;173;294;56;2;0;1590;718;8;24;37;473;18;825;96;100
1887;AA;NY4;New York Metropolitans;St. George Cricket Grounds;;;7;138;;44;89;;;N;N;754;4821;1197;193;66;21;439;456;305;;50;;1093;693;528;132;1;0;3541;1545;39;406;316;632;102;894;96;100
2021;AL;NYA;New York Yankees;Yankee Stadium III;1959854;E;2;162;81;92;70;N;Y;N;N;711;5331;1266;213;12;222;621;1482;63;18;63;34;669;596;374;3;13;47;4306;1243;196;492;1569;98;112;983;100;99
2021;NL;NYN;New York Mets;Citi Field;1511926;E;3;162;81;77;85;N;N;N;N;636;5210;1243;228;18;176;495;1392;54;26;94;23;668;597;390;2;8;41;4138;1221;190;475;1453;95;121;983;95;95
1890;PL;NYP;New York Giants;;;;3;132;;74;57;;;N;;1018;4913;1393;204;97;66;486;364;231;;31;;875;543;417;111;3;6;3517;1216;37;569;449;450;94;921;108;107
2021;AL;OAK;Oakland Athletics;Oakland Coliseum;701430;W;3;162;81;86;76;N;N;N;N;743;5395;1284;271;19;199;545;1349;88;20;98;49;687;640;402;3;11;39;4299;1362;191;439;1332;72;116;987;95;94
1875;NA;PH1;Philadelphia Athletics;Jefferson Street Grounds;;;2;77;;53;20;;;N;;699;3250;941;124;57;7;38;55;75;46;;;402;183;240;75;6;0;2061;776;4;39;45;419;51;876;107;106
1875;NA;PH2;Philadelphia Whites;Jefferson Street Grounds;;;5;70;;37;31;;;N;;470;2721;683;67;27;5;21;58;105;51;;;376;148;212;64;5;0;1884;652;6;30;42;477;32;848;104;102
1875;NA;PH3;Philadelphia Centennials;Centennial Grounds;;;11;14;;2;12;;;N;;70;530;125;22;3;0;10;25;4;;;;138;38;271;14;0;0;378;169;0;5;6;164;5;769;92;98
1891;AA;PH4;Philadelphia Athletics;Athletic Park;;;5;142;;73;66;;;N;;817;5039;1301;182;123;55;447;548;149;;74;;794;550;401;135;3;0;3701;1274;35;520;533;389;109;933;103;103
1954;AL;PHA;Philadelphia Athletics;;304666;;8;156;77;51;103;;;N;N;542;5206;1228;191;41;94;504;677;30;29;;;875;789;518;49;3;13;4113;1523;141;685;555;166;163;971;100;105
2021;NL;PHI;Philadelphia Phillies;Citizens Bank Park;1515890;E;2;162;81;82;80;N;N;N;N;734;5366;1288;262;24;198;564;1402;77;19;67;43;745;692;439;5;12;36;4256;1321;200;509;1480;94;142;984;99;99
1876;NL;PHN;Philadelphia Athletics;Jefferson Street Grounds;;;7;60;;14;45;;;N;;378;2387;646;79;35;7;27;36;;;;;534;197;322;53;1;2;1650;783;2;41;22;456;32;839;104;104
1890;PL;PHP;Philadelphia Athletics;;;;5;132;;68;63;;;N;;941;4855;1350;187;113;49;431;321;203;;51;;855;520;405;118;4;2;3463;1292;33;495;361;510;118;910;103;101
1884;UA;PHU;Philadelphia Keystones;;;;8;67;;21;46;;;N;;414;2518;618;108;35;7;103;405;;;;;545;305;463;64;1;0;1780;726;7;105;310;501;36;841;91;94
2021;NL;PIT;Pittsburgh Pirates;PNC Park;859498;C;5;162;81;61;101;N;N;N;N;609;5336;1261;240;35;124;529;1328;60;30;49;37;833;788;508;0;6;25;4189;1400;213;606;1312;70;139;988;98;100
1885;NL;PRO;Providence Grays;Messer Street Grounds;;;4;110;;53;57;;;N;N;442;3727;820;114;30;6;265;430;;;;;531;289;271;108;8;0;2882;912;18;235;371;459;70;903;97;95
1886;AA;PT1;Pittsburg Alleghenys;Recreation Park;;;2;140;;80;57;;;N;N;810;4854;1171;186;96;16;478;713;260;;38;;647;385;283;137;15;1;3678;1130;10;299;515;487;90;917;98;97
1915;FL;PTF;Pittsburgh Rebels;;;;3;156;;86;67;;;N;;592;5040;1318;180;80;20;448;561;224;;;;524;428;279;88;16;12;4146;1273;37;441;517;174;98;971;99;99
1890;PL;PTP;Pittsburgh Burghers;;;;6;131;;60;68;;;N;;849;4677;1212;170;114;35;582;381;251;;57;;931;543;427;124;7;0;3431;1313;36;343;332;523;80;908;92;92
1871;NA;RC1;Rockford Forest Citys;Agricultural Society Fair Grounds;;;9;25;;4;21;;;N;;231;1036;274;44;25;3;38;30;53;10;;;287;108;430;23;1;0;678;315;3;34;16;220;14;821;97;99
1890;AA;RC2;Rochester Broncos;Culver Field I;;;5;133;;63;63;;;N;N;709;4553;1088;131;64;31;446;538;310;;57;;711;460;356;122;5;2;3485;1115;19;530;477;416;95;926;93;92
1884;AA;RIC;Richmond Virginians;Allen Pasture;;;10;45;;12;30;;;N;N;194;1469;326;40;33;7;53;282;;;24;;294;186;452;45;1;0;1111;402;14;52;167;239;27;874;99;102
2021;NL;SDN;San Diego Padres;Petco Park;2191950;W;3;162;81;79;83;N;N;N;N;729;5384;1305;273;21;180;586;1324;110;39;61;46;708;651;410;2;11;43;4290;1277;205;516;1517;82;139;986;92;92
1969;AL;SE1;Seattle Pilots;;677944;W;6;163;82;64;98;N;;N;N;639;5444;1276;179;27;125;626;1015;167;59;;;799;707;435;21;6;33;4389;1490;172;653;963;167;149;974;97;100
2021;AL;SEA;Seattle Mariners;Safeco Field;1215985;W;2;162;81;90;72;N;N;N;N;697;5355;1209;233;11;199;535;1492;64;24;72;36;748;688;430;1;10;51;4321;1356;197;485;1328;79;135;986;95;96
2021;NL;SFN;San Francisco Giants;Oracle Park;1679484;W;1;162;81;107;55;Y;N;N;N;804;5462;1360;271;25;241;602;1461;66;14;64;30;594;524;324;2;18;56;4365;1254;151;416;1425;80;122;986;98;97
1875;NA;SL1;St. Louis Red Stockings;Red Stocking Baseball Park;;;10;19;;4;15;;;N;;60;688;137;20;1;0;12;45;27;9;;;161;50;263;16;2;0;513;209;0;3;21;150;6;833;90;98
1875;NA;SL2;St. Louis Brown Stockings;Grand Avenue Park;;;4;70;;39;29;;;N;;386;2674;643;85;29;0;32;102;108;36;;;369;147;210;67;5;1;1890;636;3;21;71;425;36;869;89;86
1877;NL;SL3;St. Louis Brown Stockings;Sportsman's Park I;;;4;60;;28;32;;;N;;284;2178;531;51;36;1;57;147;;;;;318;160;266;52;1;0;1623;582;2;92;132;281;29;892;95;93
1891;AA;SL4;St. Louis Browns;Sportsman's Park I;;;2;139;;85;51;;;N;;959;4942;1311;165;51;57;612;436;279;;86;;738;433;323;101;8;10;3620;1088;50;571;613;459;91;920;108;108
1886;NL;SL5;St. Louis Maroons;Sportsman's Park I;;;6;126;;43;79;;;N;N;547;4250;1001;183;46;30;235;656;156;;;;712;388;324;118;6;0;3232;1050;34;392;501;452;92;914;94;97
1953;AL;SLA;St. Louis Browns;;297238;;8;154;77;54;100;;;N;N;555;5264;1310;214;25;112;507;644;17;34;;;778;688;448;28;10;24;4149;1467;101;626;639;152;165;974;102;106
1915;FL;SLF;St. Louis Terriers;;;;1;159;;87;67;;;N;;634;5145;1344;199;81;23;576;502;195;;;;527;433;273;94;24;9;4278;1267;22;396;698;207;111;968;105;105
2021;NL;SLN;St. Louis Cardinals;Busch Stadium III;2102530;C;2;162;81;90;72;N;Y;N;N;706;5351;1303;261;22;198;478;1341;89;22;86;44;672;626;398;3;15;50;4251;1234;152;608;1225;84;137;986;92;92
1884;UA;SLU;St. Louis Maroons;;;;1;113;;94;19;;;Y;;887;4285;1251;259;41;32;181;542;;;;;429;216;196;104;8;6;2979;838;9;110;550;554;79;888;99;98
1884;UA;SPU;St. Paul White Caps;;;;9;9;;2;6;;;N;;24;272;49;13;1;0;7;47;;;;;57;25;317;7;1;0;213;72;1;27;44;47;6;872;60;60
1879;NL;SR1;Syracuse Stars;Star Park I;;;7;71;;22;48;;;N;;276;2611;592;61;19;5;28;238;;;;;462;230;319;64;5;0;1947;775;4;52;132;398;37;873;89;95
1890;AA;SR2;Syracuse Stars;Star Park II;;;7;127;;55;72;;;N;N;698;4469;1158;151;59;14;457;482;292;;35;;831;603;498;115;5;0;3269;1158;28;518;454;391;90;925;90;91
2021;AL;TBA;Tampa Bay Rays;Tropicana Field;761072;E;1;162;81;100;62;Y;N;N;N;857;5507;1336;288;36;222;585;1542;88;42;72;41;651;593;367;1;13;42;4367;1264;184;436;1478;80;130;986;92;91
2021;AL;TEX;Texas Rangers;Globe Life Field;2110258;W;5;162;81;60;102;N;N;N;N;625;5405;1254;225;24;167;433;1381;106;29;58;31;815;758;479;0;3;31;4273;1402;232;513;1239;83;146;986;99;101
1884;AA;TL1;Toledo Blue Stockings;League Park;;;8;109;;46;58;;;N;N;463;3712;859;153;48;8;157;545;;;26;;571;322;306;103;9;1;2838;885;12;169;501;469;67;900;103;105
1890;AA;TL2;Toledo Maumees;Speranza Park;;;4;134;;68;64;;;N;N;739;4575;1152;152;108;24;486;558;421;;71;;689;459;356;122;4;2;3478;1122;23;429;533;419;75;925;103;102
2021;AL;TOR;Toronto Blue Jays;Sahlen Field;805901;E;4;162;80;91;71;N;N;N;N;846;5476;1455;285;13;262;496;1218;81;20;51;35;663;610;391;1;14;34;4216;1257;209;473;1468;90;122;984;102;101
1882;NL;TRN;Troy Trojans;Troy Ball Club Grounds;;;7;85;;35;48;;;N;;430;3057;747;116;59;12;109;298;;;;;522;259;308;81;6;0;2274;836;13;165;184;432;70;887;95;98
1872;NA;TRO;Troy Haymakers;Haymakers' Grounds;;;5;25;;15;10;;;N;;273;1099;330;58;8;5;9;14;6;7;;;191;65;260;17;2;1;675;277;2;10;19;151;9;861;101;100
2021;NL;WAS;Washington Nationals;Nationals Park;1465543;E;5;162;81;65;97;N;N;N;N;724;5385;1388;272;20;182;573;1303;56;26;84;31;820;743;480;1;8;36;4183;1364;247;548;1346;96;116;983;95;96
1884;UA;WIL;Wilmington Quicksteps;;;;12;17;;2;16;;;N;;35;521;91;8;8;2;22;123;;;;;114;48;304;15;0;0;426;165;4;18;113;104;10;860;103;109
1882;NL;WOR;Worcester Ruby Legs;Worcester Driving Park Grounds;;;8;84;;18;66;;;N;;379;2984;689;109;57;16;113;303;;;;;652;308;375;75;0;0;2215;964;21;151;195;468;66;878;102;107
1960;AL;WS1;Washington Senators;;743404;;5;154;77;73;81;;;N;N;672;5248;1283;205;43;147;584;883;52;43;;;696;589;377;34;10;35;4215;1392;130;538;775;165;159;973;101;102
1971;AL;WS2;Washington Senators;R.F.K. Stadium;655156;E;5;159;81;63;96;N;;N;N;537;5290;1219;189;30;86;575;956;68;45;28;35;660;583;370;30;10;26;4256;1376;132;554;762;141;170;977;94;95
1872;NA;WS3;Washington Olympics;Olympics Grounds;;;10;9;;2;7;;;N;;54;365;91;10;3;0;4;4;;3;;;140;56;638;9;0;0;237;148;0;5;1;96;7;786;94;98
1872;NA;WS4;Washington Nationals;Nationals Grounds;;;11;11;;0;11;;;N;;80;451;99;6;1;0;1;3;;;;;190;68;618;11;0;0;297;193;2;3;2;120;2;774;129;141
1873;NA;WS5;Washington Blue Legs;Olympics Grounds;;;7;39;;8;31;;;N;;283;1560;408;40;19;2;20;36;11;8;;;485;186;484;39;0;0;1038;594;11;26;10;348;27;812;96;102
1875;NA;WS6;Washington Nationals;Olympics Grounds;;;9;28;;5;23;;;N;;107;1004;194;14;8;0;6;42;23;7;;;338;105;377;23;0;0;752;397;6;10;6;285;8;791;96;106
1884;AA;WS7;Washington Nationals;Athletic Park;;;13;63;;12;51;;;N;N;248;2166;434;61;24;6;100;377;;;16;;481;242;401;62;3;0;1631;644;21;110;235;400;40;858;88;93
1889;NL;WS8;Washington Nationals;Swampdoodle Grounds;;;8;127;;41;83;;;N;N;632;4395;1105;151;57;25;466;456;232;;43;;892;573;468;113;1;0;3309;1261;37;527;388;519;91;904;94;98
1891;AA;WS9;Washington Statesmen;Boundary Field;;;9;139;;44;91;;;N;;691;4715;1183;147;84;19;468;485;219;;76;;1067;634;483;123;2;2;3543;1420;44;566;486;589;95;900;95;100
1884;UA;WSU;Washington Nationals;;;;7;112;;47;65;;;N;;572;3926;931;120;26;4;118;558;;;;;679;363;343;94;5;0;2861;992;16;168;684;625;55;869;96;98
